req_id,requirement,type,design_id,module,test_ids,status
REQ-001,Resolve the telecom provider from the provider configuration attached to the selected inventory number,functional,DES-001,internal/fulfillment/provider_resolver.go,TC-001,implemented
REQ-002,Support Twilio Vonage and Telnyx through the common telephony interface,functional,DES-002,internal/telephony,TC-002;TC-003,implemented
REQ-003,Verify provider signatures before accepting inbound messages,functional,DES-003,internal/telephony,TC-004;TC-005,implemented
REQ-004,Persist each inbound provider message at most once,functional,DES-004,internal/messaging,TC-006,implemented
REQ-005,Allow an authenticated owner to list their numbers and messages,functional,DES-005,internal/messaging,TC-007,implemented
REQ-006,Allow outbound SMS only from an active SMS-capable number owned by the authenticated user,functional,DES-006,internal/messaging,TC-008;TC-009,implemented
NFR-001,Provider credentials remain encrypted and absent from API responses and logs,non-functional,DES-007,internal/providerconfig;internal/providercrypto,TC-010,implemented
NFR-002,Webhook requests are bounded rate limited and idempotent,non-functional,DES-008,internal/messaging;internal/server,TC-006;TC-011,implemented
REQ-007,Provide immutable wallet ledger deposits refunds and adjustments,functional,DES-009,internal/wallet,TC-012;TC-013;TC-014,partial
REQ-008,Run inventory expiry renewal reconciliation retry and provider health jobs,functional,DES-010,internal/jobs,,specified
REQ-009,Provide admin views for users numbers orders transactions webhooks audit logs and provider health,functional,DES-011,internal/admin,,specified
REQ-010,Support account suspension support roles admin MFA and privileged-action audits,functional,DES-012,internal/auth;internal/audit,,specified
REQ-011,Provide pricing rules separating provider cost from customer price,functional,DES-013,internal/pricing,,specified
REQ-012,Provide support tickets notification preferences and security notifications,functional,DES-014,internal/support;internal/notification,,specified
NFR-003,Provide production monitoring backups restore validation and load tests,non-functional,DES-015,operations,,specified
